{"frame_count": 362, "elapsed_time": 5.090872049331665, "calculated_fps": 71.1076602381951, "input_file_size": 4.277099609375, "output_file_size": 75.57376194000244, "cpu_usage_per_core": 0.0, "mem_usage_mb": 109.2578125, "motion_frames": 362, "total_motion_area": 31129519, "motion_percentage": 100.0, "frame_count_total": 362, "output_frame_count": 362}