{"frame_count": 362, "elapsed_time": 5.554497241973877, "calculated_fps": 65.17241511337176, "input_file_size": 4.277099609375, "output_file_size": 75.57376194000244, "cpu_usage_per_core": 48.181678438442304, "mem_usage_mb": 108.6640625, "motion_frames": 362, "total_motion_area": 31129519, "motion_percentage": 100.0, "frame_count_total": 362, "output_frame_count": 362}