{"frame_count": 362, "total_frames": 362, "output_frames": 362, "input_mb": 75.57376194000244, "output_mb": 75.09384059906006, "elapsed_s": 41.873788595199585, "fps": 8.645026211970219, "cpu_pct_per_core": 82.72179604969156, "mem_delta_mb": 170.23828125, "detection_frames": 172, "total_detections": 302, "detection_rate_pct": 47.51381215469613}